{"cameraMode":{"drawMode":0,"name":"Shaded","section":"Shading Mode"},"sceneLighting":false,"audioPlay":false,"sceneViewState":{"m_AlwaysRefresh":false,"showFog":true,"showSkybox":false,"showFlares":true,"showImageEffects":true,"showParticleSystems":true,"showVisualEffectGraphs":true,"m_FxEnabled":true},"in2DMode":false,"pivot":{"x":-0.1491403579711914,"y":3.490860939025879,"z":-1.3148313760757447},"rotation":{"x":0.034812282770872119,"y":-0.7597352862358093,"z":-0.04084005579352379,"w":-0.6480216979980469},"size":0.009896903298795224,"orthographic":false}