{"cameraMode":{"drawMode":0,"name":"Shaded","section":"Shading Mode"},"sceneLighting":false,"audioPlay":false,"sceneViewState":{"m_AlwaysRefresh":false,"showFog":true,"showSkybox":false,"showFlares":true,"showImageEffects":true,"showParticleSystems":true,"showVisualEffectGraphs":true,"m_FxEnabled":true},"in2DMode":false,"pivot":{"x":-0.022606398910284044,"y":0.0008006175048649311,"z":-0.018914807587862016},"rotation":{"x":-0.1358351707458496,"y":-0.81485515832901,"z":0.21120265126228333,"w":-0.5225694179534912},"size":0.2317010462284088,"orthographic":false}