{"cameraMode":{"drawMode":0,"name":"Shaded","section":"Shading Mode"},"sceneLighting":false,"audioPlay":false,"sceneViewState":{"m_AlwaysRefresh":false,"showFog":true,"showSkybox":false,"showFlares":true,"showImageEffects":true,"showParticleSystems":true,"showVisualEffectGraphs":true,"m_FxEnabled":true},"in2DMode":false,"pivot":{"x":-0.022606398910284044,"y":0.06590351462364197,"z":-0.017317846417427064},"rotation":{"x":-0.13724158704280854,"y":-0.7451841831207275,"z":0.16120462119579316,"w":-0.6324556469917297},"size":0.1286969631910324,"orthographic":false}