{"cameraMode":{"drawMode":0,"name":"Shaded","section":"Shading Mode"},"sceneLighting":false,"audioPlay":false,"sceneViewState":{"m_AlwaysRefresh":false,"showFog":true,"showSkybox":false,"showFlares":true,"showImageEffects":true,"showParticleSystems":true,"showVisualEffectGraphs":true,"m_FxEnabled":true},"in2DMode":false,"pivot":{"x":0.0383366160094738,"y":0.10727223753929138,"z":-0.06920794397592545},"rotation":{"x":0.3556973934173584,"y":0.5752875208854675,"z":-0.3052549958229065,"w":0.6704241633415222},"size":0.09460901468992233,"orthographic":false}