{"cameraMode":{"drawMode":0,"name":"Shaded","section":"Shading Mode"},"sceneLighting":false,"audioPlay":false,"sceneViewState":{"m_AlwaysRefresh":false,"showFog":true,"showSkybox":false,"showFlares":true,"showImageEffects":true,"showParticleSystems":true,"showVisualEffectGraphs":true,"m_FxEnabled":true},"in2DMode":false,"pivot":{"x":-6.658871173858643,"y":0.007621360011398792,"z":-3.5762815475463869},"rotation":{"x":-0.0390833280980587,"y":-0.9605574011802673,"z":0.2080640345811844,"w":-0.1804637312889099},"size":0.011241027154028416,"orthographic":false}