{"cameraMode":{"drawMode":0,"name":"Shaded","section":"Shading Mode"},"sceneLighting":false,"audioPlay":false,"sceneViewState":{"m_AlwaysRefresh":false,"showFog":true,"showSkybox":false,"showFlares":true,"showImageEffects":true,"showParticleSystems":true,"showVisualEffectGraphs":true,"m_FxEnabled":true},"in2DMode":false,"pivot":{"x":-0.0038294196128845217,"y":0.07754969596862793,"z":-0.03793099522590637},"rotation":{"x":-0.03475615382194519,"y":-0.9434992671012878,"z":0.3124643564224243,"w":-0.10487209260463715},"size":0.21141456067562104,"orthographic":false}